colour,email_address,full_name,id,job_title,,mugshot_url_template,parent,statistic_1,statistic_2,summary,web_url,phone_numbers
#FFFFFF,,Philippine Red Cross,a,National Society,,./data/logo.png,,,,,http://www.redcross.org.ph/images/logo.png,
#B4DCFA,,Executive,b,Staff,,./data/logo.png,a,,,,,
#B4DCFA,,Management,c,Staff,,./data/logo.png,b,,,,,
#B4DCFA,,Gwendolyn T. Pang D. Hum.,101,Secretary General,,./data/logo.png,c,,,,,
#B4DCFA,,Alexander Rosete,102,Assistant To The Secretary General OIC Office of The Board And Communications Office,,./data/logo.png,101,,,,,
#B4DCFA,,George Gamonga,103, Internal Audit Office,,./data/logo.png,101,,,,,
#B4DCFA,,Eric Matnog,104, International Relations And Strategic Partnership Office,,./data/logo.png,101,,,,,
#B4DCFA,,Rudellyn Cabutin,105,Chapter Development,,./data/logo.png,101,,,,,
#B4DCFA,,Reynaldo Menorias,106,Management Information System,,./data/logo.png,101,,,,,
#B4DCFA,,Catherine Larracas,107,Planning Monitoring Evaluation And Reporting Office,,./data/logo.png,101,,,,,
#B4DCFA,,Manuel C. Santos Jr.,108,International Humanitarian Law Office,,./data/logo.png,101,,,,,
#B4DCFA,,May Carol Layugan,109,Operations Center,,./data/logo.png,101,,,,,
#B4DCFA,,Elizabeth Zavalla,110,Assistant Secretary General For Programs And Services,,./data/logo.png,101,,,,,
#B4DCFA,,Roderick Salve,111,Disaster Management Services,,./data/logo.png,110,,,,,
#B4DCFA,,Leonardo Ebajo,112, Emergency Response,,./data/logo.png,110,,,,,
#B4DCFA,,Zenaida Beltejar,113, Social Services,,./data/logo.png,110,,,,,
#B4DCFA,,"Ann Claire Reyta, MD..",114, Health Services,,./data/logo.png,110,,,,,
#B4DCFA,,Ryan Jay Jopia,115, Volunteer Red Cross Youth Office,,./data/logo.png,110,,,,,
#B4DCFA,,Bernabe Bacani,116, Safety Services,,./data/logo.png,110,,,,,
#B4DCFA,,"Christie Monina Nalupta, MD..",117,Director National Blood Services,,./data/logo.png,101,,,,,
#B4DCFA,,"Edmundo Marra, MD..",118, National Blood Center,,./data/logo.png,117,,,,,
#B4DCFA,,"Malou Fuentes, MD..",119, PRC Tower,,./data/logo.png,117,,,,,
#B4DCFA,,Renato Hapan,120, National Blood Center,,./data/logo.png,117,,,,,
#B4DCFA,,Fund Generation,121,Department,,./data/logo.png,117,,,,,
#B4DCFA,,Marie Joy Materum,122, Corporate Relations And Online Gift Giving,,./data/logo.png,101,,,,,
#B4DCFA,,Eduardo Buena,123, Membership And Fund Drive,,./data/logo.png,122,,,,,
#B4DCFA,,Ma. Ana Buensuceso,124, Finance,,./data/logo.png,101,,,,,
#B4DCFA,,Ronald Almazan,125,Chief Accountant,,./data/logo.png,124,,,,,
#B4DCFA,,Alex Lantin,126, Treasury,,./data/logo.png,124,,,,,
#B4DCFA,,Fe Aglipay,127, Human Resources,,./data/logo.png,101,,,,,
#B4DCFA,,Susan Manalo,128, General Services,,./data/logo.png,127,,,,,
#B4DCFA,,Rita Cecilia Tobias,129, Logistics,,./data/logo.png,127,,,,,
#4E67C8,,Board of Governors,200,Members,,./data/logo.png,a,,,,,
#4E67C8,,Officers,201,Members,,./data/logo.png,200,,,,,
#4E67C8,,Richard J. Gordon,202,Chairman,,./data/logo.png,201,,,,,
#4E67C8,,Juan Miguel F. Zubiri,203,Vice Chairman,,./data/logo.png,201,,,,,
#4E67C8,,Corazon Alma G. De Leon,204,Secretary,,./data/logo.png,201,,,,,
#4E67C8,,James G. Dy,205,Treasurer,,./data/logo.png,201,,,,,
#4E67C8,,Lorna P. Kapunan,206,Counsellor,,./data/logo.png,201,,,,,
#4E67C8,,Rodolfo O. Reyes,207,Assistant Secretary/corporate Secretary,,./data/logo.png,201,,,,,
#4E67C8,,Rosalind L. Wee,208,Assistant Treasurer,,./data/logo.png,201,,,,,
#F14124,,Members,210,Member,,./data/logo.png,200,,,,,
#F14124,,Joanne Zapanta-andrada,211,Member,,./data/logo.png,210,,,,,
#F14124,,Ma. Rachel J. Arenas,212,Member,,./data/logo.png,210,,,,,
#F14124,,Armand C. Arreza,213,Member,,./data/logo.png,210,,,,,
#F14124,,Sara Duterte-carpio,214,Member,,./data/logo.png,210,,,,,
#F14124,,Danilo L. Concepcion,215,Member,,./data/logo.png,210,,,,,
#F14124,,Carissa O. Coscolluela,216,Member,,./data/logo.png,210,,,,,
#F14124,,Dakila Carlo E. Cua,217,Member,,./data/logo.png,210,,,,,
#F14124,,Leslie W. Espino,218,Member,,./data/logo.png,210,,,,,
#F14124,,Margarita A. Fores,219,Member,,./data/logo.png,210,,,,,
#F14124,,Reynard Leo A. Francisco,220,Member,,./data/logo.png,210,,,,,
#F14124,,Sherwin T. Gatchalian,221,Member,,./data/logo.png,210,,,,,
#F14124,,Ernesto S. Isla,222,Member,,./data/logo.png,210,,,,,
#F14124,,Francis Joseph J. Jalandoni,223,Member,,./data/logo.png,210,,,,,
#F14124,,Marie Antonette S. Leviste,224,Member,,./data/logo.png,210,,,,,
#F14124,,Celso L. Lobregat,225,Member,,./data/logo.png,210,,,,,
#F14124,,Mario R. Nery,226,Member,,./data/logo.png,210,,,,,
#F14124,,Andrew O. Nocon,227,Member,,./data/logo.png,210,,,,,
#F14124,,Leonida B. Ortiz,228,Member,,./data/logo.png,210,,,,,
#F14124,,Adrian C. Pabayo,229,Member,,./data/logo.png,210,,,,,
#F14124,,Mabini F. Pablo,230,Member,,./data/logo.png,210,,,,,
#F14124,,Rosa Rosal,231,Member,,./data/logo.png,210,,,,,
#F14124,,Wilma Amoranto-sarino,232,Member,,./data/logo.png,210,,,,,
#F14124,,Monica Siguion Reyna-villonco,233,Member,,./data/logo.png,210,,,,,
#A7EA52,,Chapters,10000,Chapter Offices,,./data/logo.png,a,,,,,
#A7EA52,,Bicol Region,10001,Region,,./data/logo.png,10000,,,Bicol Region,,
#A7EA52,Sorsogon@redcross.org.ph,Sorsogon,10002,Chapter,,./data/logo.png,10001,,,Bicol Region,,
#A7EA52,,Mrs. Salvacion L. Abotanatin,20001,Administrator,,./data/logo.png,10002,,,Bicol Region,,
#A7EA52,,Atty. Arnulfo L.perete,20002,Chairman,,./data/logo.png,10002,,,Bicol Region,,
#A7EA52,Albay@redcross.org.ph,Albay - Legaspi City,10003,Chapter,,./data/logo.png,10001,,,Bicol Region,,
#A7EA52,,Mr. Gerald R. Gapayao,30001,Administrator,,./data/logo.png,10003,,,Bicol Region,,
#A7EA52,,"Rodolfo P. Ante,  MD..",30002,Chairman,,./data/logo.png,10003,,,Bicol Region,,
#A7EA52,Camarines.norte@redcross.org.ph,Camarines Norte,10004,Chapter,,./data/logo.png,10001,,,Bicol Region,,
#A7EA52,,Mr. Ferdinand Salvador Q. Ferre,40001,Administrator,,./data/logo.png,10004,,,Bicol Region,,
#A7EA52,,Dir. Josefina B. Tallado,40002,Chairman,,./data/logo.png,10004,,,Bicol Region,,
#A7EA52,Camarines.sur@redcross.org.ph,Camarines Sur,10005,Chapter,,./data/logo.png,10001,,,Bicol Region,,
#A7EA52,,Mrs. Nanette E. Rodrigazo,50001,Administrator,,./data/logo.png,10005,,,Bicol Region,,
#A7EA52,,Dir.pedrito M. Servano,50002,Chairman,,./data/logo.png,10005,,,Bicol Region,,
#A7EA52,Catanduanes@redcross.org.ph,Catanduanes,10006,Chapter,,./data/logo.png,10001,,,Bicol Region,,
#A7EA52,,Mr. Reymund A. Reginaldo,60001,Administrator,,./data/logo.png,10006,,,Bicol Region,,
#A7EA52,,Dir. Gabriel T. Tejerero,6002,Chairman,,./data/logo.png,10006,,,Bicol Region,,
#A7EA52,Masbate@redcross.org.ph,Masbate,10007,Chapter,,./data/logo.png,10001,,,Bicol Region,,
#A7EA52,,Mrs. Amparo D. Perez,70001,Administrator,,./data/logo.png,10007,,,Bicol Region,,
#A7EA52,,Dir. Ruby Sanchez-morano,70002,Chairman,,./data/logo.png,10007,,,Bicol Region,,
#A7EA52,,Mindanao Region,100010,Region,,./data/logo.png,10000,,,Mindanao Region,,
#A7EA52,Basilan@redcross.org.ph,Basilan,100013,Sub - Chapter,,./data/logo.png,100039,,,Mindanao Region,,
#A7EA52,,Mr.jonathan L.cabayao,130001,Administrator,,./data/logo.png,100013,,,Mindanao Region,,
#A7EA52,,Dir. Bernardita F. Hontucan,130002,Chairman,,./data/logo.png,100013,,,Mindanao Region,,
#A7EA52,Bukidnon@redcross.org.ph,Bukidnon,100014,Chapter,,./data/logo.png,100010,,,Mindanao Region,,
#A7EA52,,Ms. Jocelyn  A. Daroy,140001,Administrator,,./data/logo.png,100014,,,Mindanao Region,,
#A7EA52,,Hon. Leandro Jose H.catarata,140002,Chairman,,./data/logo.png,100014,,,Mindanao Region,,
#A7EA52,Camiguin@redcross.org.ph,Camiguin,100015,Sub - Chapter,,./data/logo.png,100028,,,Mindanao Region,,
#A7EA52,,Information unavailable... ,150001,Administrator,,./data/logo.png,100015,,,Mindanao Region,,
#A7EA52,,Information unavailable... ,150002,Chairman,,./data/logo.png,100015,,,Mindanao Region,,
#A7EA52,Compostela.valley@redcross.org.ph,Compostela Valley,100016,Chapter,,./data/logo.png,100010,,,Mindanao Region,,
#A7EA52,,Mr. Joseph Randy M. Loy,160001,Administrator,,./data/logo.png,100016,,,Mindanao Region,,
#A7EA52,,Dir. Louie I. Zerrudo,160002,Chairman,,./data/logo.png,100016,,,Mindanao Region,,
#A7EA52,Cotabato@redcross.org.ph,Cotabato,100017,Chapter,,./data/logo.png,100010,,,Mindanao Region,,
#A7EA52,,Mr. Ricardo D. Quintayo,170001,Administrator,,./data/logo.png,100017,,,Mindanao Region,,
#A7EA52,,Dir. Bai Fatima  P. Sinsuat,170002,Chairman,,./data/logo.png,100017,,,Mindanao Region,,
#A7EA52,Davaocity@redcross.org.ph,Davao City,100018,Chapter,,./data/logo.png,100010,,,Mindanao Region,,
#A7EA52,,"Mr. Rogelio U. Aca, Jr.",180001,Administrator,,./data/logo.png,100018,,,Mindanao Region,,
#A7EA52,,Dir. Eduardo G. Robillo,180002,Chairman,,./data/logo.png,100018,,,Mindanao Region,,
#A7EA52,Davao@redcross.org.ph,Davao Del Norte,100019,Chapter,,./data/logo.png,100010,,,Mindanao Region,,
#A7EA52,,Mrs.luzviminda C. Neri,190001,Administrator,,./data/logo.png,100019,,,Mindanao Region,,
#A7EA52,,Gov. Rodolfo P. Del Rosario,190002,Chairman,,./data/logo.png,100019,,,Mindanao Region,,
#A7EA52,Davao.sur@redcross.org.ph,Davao Del Sur,100020,Chapter,,./data/logo.png,100010,,,Mindanao Region,,
#A7EA52,,Mrs. Helen D. Caberto,200001,Administrator,,./data/logo.png,100020,,,Mindanao Region,,
#A7EA52,,Dir. Alan A. Kintanar,200002,Chairman,,./data/logo.png,100020,,,Mindanao Region,,
#A7EA52,Davao.oriental@redcross.org.ph,Davao Oriental,100021,Chapter,,./data/logo.png,100010,,,Mindanao Region,,
#A7EA52,,Mrs. Catherine Krm Y. Bijis,210001,Administrator,,./data/logo.png,100021,,,Mindanao Region,,
#A7EA52,,Dir.cesar De Erio,210002,Chairman,,./data/logo.png,100021,,,Mindanao Region,,
#A7EA52,Generalsantos@redcross.org.ph,General Santos City,100022,Chapter,,./data/logo.png,100010,,,Mindanao Region,,
#A7EA52,,Mrs. Merlita U. Gludo,220001,Administrator,,./data/logo.png,100022,,,Mindanao Region,,
#A7EA52,,Dir. Michael T. Ang,220002,Chairman,,./data/logo.png,100022,,,Mindanao Region,,
#A7EA52,Gingoog@redcross.org.ph,Gingoog City,100023,Chapter,,./data/logo.png,100010,,,Mindanao Region,,
#A7EA52,,Mrs. Marilyn T. Abian,230001,Administrator,,./data/logo.png,100023,,,Mindanao Region,,
#A7EA52,,Dir. Marie L. Guingona,230002,Chairman,,./data/logo.png,100023,,,Mindanao Region,,
#A7EA52,Iligan@redcross.org.ph,Iligan City,100024,Chapter,,./data/logo.png,100010,,,Mindanao Region,,
#A7EA52,,Mrs. Genevieve C. Amodia,240001,Administrator,,./data/logo.png,100024,,,Mindanao Region,,
#A7EA52,,Hon. Henry C. Dy,240002,Chairman,,./data/logo.png,100024,,,Mindanao Region,,
#A7EA52,Lanao.norte@redcross.org.ph,Lanao Del Norte,100025,Sub - Chapter,,./data/logo.png,100024,,,Mindanao Region,,
#A7EA52,,Mr. Reynaldo D. Ruiz,250001,Administrator,,./data/logo.png,100025,,,Mindanao Region,,
#A7EA52,,Dir. Lyndon G. Galica,250002,Chairman,,./data/logo.png,100025,,,Mindanao Region,,
#A7EA52,Lanaosur@redcross.org.ph,Lanao Del Sur - Marawi,100026,Sub - Chapter,,./data/logo.png,100024,,,Mindanao Region,,
#A7EA52,,Mrs. Raifa Adiong,260001,Administrator,,./data/logo.png,100026,,,Mindanao Region,,
#A7EA52,,Dir. Ali Siddique S. Descallar,260002,Chairman,,./data/logo.png,100026,,,Mindanao Region,,
#A7EA52,Misamis.occidental@redcross.org.ph,Misamis Occidental - Oroquieta City,100027,Chapter,,./data/logo.png,100010,,,Mindanao Region,,
#A7EA52,,Ms. Louwelie L. Macatol,270001,Administrator,,./data/logo.png,100027,,,Mindanao Region,,
#A7EA52,,Dir. Henry Y. Regalado,270002,Chairman,,./data/logo.png,100027,,,Mindanao Region,,
#A7EA52,Misamis.oriental@redcross.org.ph,Misamis Oriental - Cagayan De Oro City,100028,Chapter,,./data/logo.png,100010,,,Mindanao Region,,
#A7EA52,,Dr. Myra G. Yee,280001,Administrator,,./data/logo.png,100028,,,Mindanao Region,,
#A7EA52,,Atty. Antonio S. Soriano,280002,Chairman,,./data/logo.png,100028,,,Mindanao Region,,
#A7EA52,Northcotabatokidapawan@redcross.org. Ph,North Cotabato - Kidapawan City,100029,Sub - Chapter,,./data/logo.png,100017,,,Mindanao Region,,
#A7EA52,,Mr. Leopoldo A. Devilles Ii,290001,Administrator,,./data/logo.png,100029,,,Mindanao Region,,
#A7EA52,,"Dir. Erlinda S. Doblas, Rsw",290002,Chairman,,./data/logo.png,100029,,,Mindanao Region,,
#A7EA52,Ozamis@redcross.org.ph,Ozamiz City,100030,Chapter,,./data/logo.png,100010,,,Mindanao Region,,
#A7EA52,,Mrs. Jean Paz D. Eribal,300001,Administrator,,./data/logo.png,100030,,,Mindanao Region,,
#A7EA52,,Hon. Rolando E. Romero,300002,Chairman,,./data/logo.png,100030,,,Mindanao Region,,
#A7EA52,Southcotabato@redcross.org,South Cotabato,100031,Chapter,,./data/logo.png,100010,,,Mindanao Region,,
#A7EA52,,Mr. Dixie O. Villar,310001,Administrator,,./data/logo.png,100031,,,Mindanao Region,,
#A7EA52,,"Dir. Justiniano S. Gri¤o, Sr.",310002,Chairman,,./data/logo.png,100031,,,Mindanao Region,,
#A7EA52,Sultankudarat@redcross.org.ph,Sultan Kudarat Province - Tacurong City,100032,Chapter,,./data/logo.png,100010,,,Mindanao Region,,
#A7EA52,,Mrs. Mary Lou G. Torres,320001,Administrator,,./data/logo.png,100032,,,Mindanao Region,,
#A7EA52,,Dir. Bonifacio Valdez,320002,Chairman,,./data/logo.png,100032,,,Mindanao Region,,
#A7EA52,Sulu@redcross.org.ph,Sulu,100033,Chapter,,./data/logo.png,100010,,,Mindanao Region,,
#A7EA52,,Mrs. Preciosa S. Chiong,330001,Administrator,,./data/logo.png,100033,,,Mindanao Region,,
#A7EA52,,"Hon. Nur ""lady Ann"" I. Sahidulla",330002,Chairman,,./data/logo.png,100033,,,Mindanao Region,,
#A7EA52,Surigao.norte@redcross.org.ph,Surigao Del Norte,100034,Chapter,,./data/logo.png,100010,,,Mindanao Region,,
#A7EA52,,Mrs. Marilou E. Talingting,340001,Administrator,,./data/logo.png,100034,,,Mindanao Region,,
#A7EA52,,Dir. Eulalio P. Cortes,340002,Chairman,,./data/logo.png,100034,,,Mindanao Region,,
#A7EA52,Surigao.sur@redcross.org.ph,Surigao Del Sur,100035,Chapter,,./data/logo.png,100010,,,Mindanao Region,,
#A7EA52,,Felomina Rivamonte,350001,Administrator,,./data/logo.png,100035,,,Mindanao Region,,
#A7EA52,,Dir. Annie O. Ty,350002,Chairman,,./data/logo.png,100035,,,Mindanao Region,,
#A7EA52,Tangub@redcross.org.ph,Tangub City,100036,Chapter,,./data/logo.png,100010,,,Mindanao Region,,
#A7EA52,,Mrs. Enriquita G. Astillero,360001,Administrator,,./data/logo.png,100036,,,Mindanao Region,,
#A7EA52,,Hon.  Edemar  S. Alota,360002,Chairman,,./data/logo.png,100036,,,Mindanao Region,,
#A7EA52,Tawi-tawi@redcross.org.ph,Tawi-tawi,100037,Sub - Chapter,,./data/logo.png,100033,,,Mindanao Region,,
#A7EA52,,Mrs. Diana Amilasan,370001,Administrator,,./data/logo.png,100037,,,Mindanao Region,,
#A7EA52,,Glenda O. Abdul,370002,Chairman,,./data/logo.png,100037,,,Mindanao Region,,
#A7EA52,Zamboanga.sibugay@redcross.org.ph,Zamboanga - Sibugay,100038,Sub - Chapter,,./data/logo.png,100041,,,Mindanao Region,,
#A7EA52,,"Mr. Hilario G. Miranda, Jr.",380001,Administrator,,./data/logo.png,100038,,,Mindanao Region,,
#A7EA52,,Atty. Dennis Victor G. Gemarino,380002,Chairman,,./data/logo.png,100038,,,Mindanao Region,,
#A7EA52,Zamboangacity@redcross.org.ph,Zamboanga City,100039,Chapter,,./data/logo.png,100010,,,Mindanao Region,,
#A7EA52,,"Dr.victor A. Liozo, Jr.",390001,Administrator,,./data/logo.png,100039,,,Mindanao Region,,
#A7EA52,,"Milagros L. Fernandez, MD..",390002,Chairman,,./data/logo.png,100039,,,Mindanao Region,,
#A7EA52,Zamboanga.norte@redcross.org.ph,Zamboanga Del Norte,100040,Chapter,,./data/logo.png,100010,,,Mindanao Region,,
#A7EA52,,Mr.  Joshua A. Bicoy,400001,Administrator,,./data/logo.png,100040,,,Mindanao Region,,
#A7EA52,,Dir. Socorro U. Hamac,400002,Chairman,,./data/logo.png,100040,,,Mindanao Region,,
#A7EA52,Zamboanga.sur@redcross.org.ph,Zamboanga Del Sur - Pagadian City,100041,Chapter,,./data/logo.png,100010,,,Mindanao Region,,
#A7EA52,,Ms. Hildaliza F. Mu¤oz,410001,Administrator,,./data/logo.png,100041,,,Mindanao Region,,
#A7EA52,,"Dir.reynaldo S. Ortiz, MD..",410002,Chairman,,./data/logo.png,100041,,,Mindanao Region,,
#A7EA52,,National Capital Region,100050,Region,,./data/logo.png,10000,,,National Capital Region,,
#A7EA52,,Information unavailable... ,500001,Administrator,,./data/logo.png,100050,,,National Capital Region,,
#A7EA52,,Information unavailable... ,500002,Chairman,,./data/logo.png,100050,,,National Capital Region,,
#A7EA52,,East Rizal,100051,Branch,,./data/logo.png,100050,,,National Capital Region,,
#A7EA52,,Information unavailable... ,510001,Administrator,,./data/logo.png,100051,,,National Capital Region,,
#A7EA52,,Information unavailable... ,510002,Chairman,,./data/logo.png,100051,,,National Capital Region,,
#A7EA52,,Makati City,100052,Branch,,./data/logo.png,100050,,,National Capital Region,,
#A7EA52,,Ms. Shirlie Bernabe Alicante,520001,Administrator,,./data/logo.png,100052,,,National Capital Region,,
#A7EA52,,Information unavailable... ,520002,Chairman,,./data/logo.png,100052,,,National Capital Region,,
#A7EA52,Malabon@redcross.org.ph,Malabon City,100053,Chapter,,./data/logo.png,100050,,,National Capital Region,,
#A7EA52,,Maria Joana A. Rosete,530001,Administrator,,./data/logo.png,100053,,,National Capital Region,,
#A7EA52,,Dir. Payapa V. Ona,530002,Chairman,,./data/logo.png,100053,,,National Capital Region,,
#A7EA52,Rizalmandaluyong@redcross.org.ph,Mandaluyong City,100054,Branch,,./data/logo.png,100068,,,National Capital Region,,
#A7EA52,,Mr. Roberto Dacles,540001,Administrator,,./data/logo.png,100054,,,National Capital Region,,
#A7EA52,,Information unavailable... ,540002,Chairman,,./data/logo.png,100054,,,National Capital Region,,
#A7EA52,,Muntinlupa City,100055,Branch,,./data/logo.png,100050,,,National Capital Region,,
#A7EA52,,Mr. Clifforn Robin Gabatin,550001,Administrator,,./data/logo.png,100055,,,National Capital Region,,
#A7EA52,,Information unavailable... ,550002,Chairman,,./data/logo.png,100055,,,National Capital Region,,
#A7EA52,,National Head Quarters,100056,NHQ,,./data/logo.png,100050,,,National Capital Region,,
#A7EA52,,Gwendolyn T. Pang D. Hum.,560001,Secretary General,,./data/logo.png,100056,,,National Capital Region,,
#A7EA52,,Sen. Richard J. Gordon,560002,Chairman,,./data/logo.png,100056,,,National Capital Region,,
#A7EA52,Redcrossparanaque@gmail.com,Paranaque City,100057,Branch,,./data/logo.png,100050,,,National Capital Region,,
#A7EA52,,Mr. Edward Udtohan,570001,Administrator,,./data/logo.png,100057,,,National Capital Region,,
#A7EA52,,Information unavailable... ,570002,Chairman,,./data/logo.png,100057,,,National Capital Region,,
#A7EA52,,San Juan City,100058,Branch,,./data/logo.png,100050,,,National Capital Region,,
#A7EA52,,Mr. Paul Bryan Castillo,580001,Administrator,,./data/logo.png,100058,,,National Capital Region,,
#A7EA52,,Information unavailable... ,580002,Chairman,,./data/logo.png,100058,,,National Capital Region,,
#A7EA52,,West Rizal,100059,Branch,,./data/logo.png,100050,,,National Capital Region,,
#A7EA52,,Information unavailable... ,590001,Administrator,,./data/logo.png,100059,,,National Capital Region,,
#A7EA52,,Information unavailable... ,590002,Chairman,,./data/logo.png,100059,,,National Capital Region,,
#A7EA52,Caloocan@redcross.org.ph,Caloocan City,100060,Chapter,,./data/logo.png,100050,,,National Capital Region,,
#A7EA52,,Mrs. Jennifer L. De Guzman,600001,Administrator,,./data/logo.png,100060,,,National Capital Region,,
#A7EA52,,Dir. Russel C. Ramirez,600002,Chairman,,./data/logo.png,100060,,,National Capital Region,,
#A7EA52,Laspinas@redcross.org.ph,Las Piñas City,100061,Sub - Chapter,,./data/logo.png,100068,,,National Capital Region,,
#A7EA52,,Mr. Recson De Leon,610001,Administrator,,./data/logo.png,100061,,,National Capital Region,,
#A7EA52,,Senator Cynthia A. Villar,610002,Chairman,,./data/logo.png,100061,,,National Capital Region,,
#A7EA52,Manila@redcross.org.ph,Manila,100062,Chapter,,./data/logo.png,100050,,,National Capital Region,,
#A7EA52,,Mrs.crisanta C.cayetano,620001,Administrator,,./data/logo.png,100062,,,National Capital Region,,
#A7EA52,,Cong. Amado S. Bagatsing,620002,Chairman,,./data/logo.png,100062,,,National Capital Region,,
#A7EA52,Rizalmarikina@redcross.org.ph,Marikina City,100063,Branch,,./data/logo.png,100050,,,National Capital Region,,
#A7EA52,,Mr. Paolo Jesus M. Roxas I,630001,Administrator,,./data/logo.png,100063,,,National Capital Region,,
#A7EA52,,Dir. Natividad Cabaquinto,630002,Chairman,,./data/logo.png,100063,,,National Capital Region,,
#A7EA52,Navotas@redcross.org.ph,Navotas City,100064,Sub - Chapter,,./data/logo.png,100060,,,National Capital Region,,
#A7EA52,,Mrs.catherine D. Cataga,640001,Administrator,,./data/logo.png,100064,,,National Capital Region,,
#A7EA52,,Dir. Marilyn  R. Ang,640002,Chairman,,./data/logo.png,100064,,,National Capital Region,,
#A7EA52,Pasay@redcross.org.ph,Pasay City,100065,Chapter,,./data/logo.png,100050,,,National Capital Region,,
#A7EA52,,Mrs. Adelina B. Castillo,650001,Administrator,,./data/logo.png,100065,,,National Capital Region,,
#A7EA52,,Dir. Enrique Lagdameo,650002,Chairman,,./data/logo.png,100065,,,National Capital Region,,
#A7EA52,Quezoncity@redcross.org.ph,Quezon City,100066,Chapter,,./data/logo.png,100050,,,National Capital Region,,
#A7EA52,,Mrs. Annie D. Torres,660001,Administrator,,./data/logo.png,100066,,,National Capital Region,,
#A7EA52,,Dir. Hermogenes D. Jarin,660002,Chairman,,./data/logo.png,100066,,,National Capital Region,,
#A7EA52,Rizal@redcross.org.ph,Rizal,100068,Chapter,,./data/logo.png,100050,,,National Capital Region,,
#A7EA52,,Ms. Shirlie Bernabe Alicante,680001,Administrator,,./data/logo.png,100068,,,National Capital Region,,
#A7EA52,,"Dir. Alfred A. Xerez-burgos, Jr.",680002,Chairman,,./data/logo.png,100068,,,National Capital Region,,
#A7EA52,Valenzuela@redcross.org.ph,Valenzuela City,100069,Chapter,,./data/logo.png,100050,,,National Capital Region,,
#A7EA52,,Mrs.criselda  I. Torres,690001,Administrator,,./data/logo.png,100069,,,National Capital Region,,
#A7EA52,,Dir. Elizabeth A. Chongco,690002,Chairman,,./data/logo.png,100069,,,National Capital Region,,
#A7EA52,,Northern & Central Luzon,100070,Region,,./data/logo.png,10000,,,Northern & Central Luzon,,
#A7EA52,Ilocos.sur@redcross.org.ph,Ilocos Sur,100071,Chapter,,./data/logo.png,100070,,,Northern & Central Luzon,,
#A7EA52,,Mr. Raymund Mario T. Chan,710001,Administrator,,./data/logo.png,100071,,,Northern & Central Luzon,,
#A7EA52,,Dir. Azucena A. Purisima,710002,Chairman,,./data/logo.png,100071,,,Northern & Central Luzon,,
#A7EA52,Abra@redcross.org.ph,Abra,100072,Chapter,,./data/logo.png,100070,,,Northern & Central Luzon,,
#A7EA52,,Mr. Manuel James Laygo,720001,Administrator,,./data/logo.png,100072,,,Northern & Central Luzon,,
#A7EA52,,Dir. Crescencio  J. Calina,720002,Chairman,,./data/logo.png,100072,,,Northern & Central Luzon,,
#A7EA52,Alaminos@redcross.org.ph,Alaminos City - Western Pangasinan,100073,Chapter,,./data/logo.png,100070,,,Northern & Central Luzon,,
#A7EA52,,Mrs. Mylene O. Manalastas,730001,Administrator,,./data/logo.png,100073,,,Northern & Central Luzon,,
#A7EA52,,Dir. Arthur F. Celeste,730002,Chairman,,./data/logo.png,100073,,,Northern & Central Luzon,,
#A7EA52,Apayao@redcross.org.ph,Apayao,100074,Sub - Chapter,,./data/logo.png,100084,,,Northern & Central Luzon,,
#A7EA52,,Mrs. Laureen D. Cabrera,740001,Administrator,,./data/logo.png,100074,,,Northern & Central Luzon,,
#A7EA52,,"Hon. Elias K. Bulut, Sr.",740002,Chairman,,./data/logo.png,100074,,,Northern & Central Luzon,,
#A7EA52,Aurora@redcross.org.ph,Aurora,100075,Sub - Chapter,,./data/logo.png,100087,,,Northern & Central Luzon,,
#A7EA52,,Mr. Sherwin  A. Nakar,750001,Administrator,,./data/logo.png,100075,,,Northern & Central Luzon,,
#A7EA52,,Gov. Bellaflor Angara-castillo,750002,Chairman,,./data/logo.png,100075,,,Northern & Central Luzon,,
#A7EA52,Baguio@redcross.org.ph,Baguio City,100076,Chapter,,./data/logo.png,100070,,,Northern & Central Luzon,,
#A7EA52,,Mrs. Anastacia B. Tamayo,760001,Administrator,,./data/logo.png,100076,,,Northern & Central Luzon,,
#A7EA52,,Dir. Erdolfo V. Balajadia,760002,Chairman,,./data/logo.png,100076,,,Northern & Central Luzon,,
#A7EA52,Bataan@redcross.org.ph,Bataan,100077,Chapter,,./data/logo.png,100070,,,Northern & Central Luzon,,
#A7EA52,,Ms. Junilene E. Viesca,770001,Administrator,,./data/logo.png,100077,,,Northern & Central Luzon,,
#A7EA52,,Hon. Angelita J. Cruz,770002,Chairman,,./data/logo.png,100077,,,Northern & Central Luzon,,
#A7EA52,Benguet@redcross.org.ph,Benguet,100078,Chapter,,./data/logo.png,100070,,,Northern & Central Luzon,,
#A7EA52,,Mr. Oscar  G. Paris,780001,Administrator,,./data/logo.png,100078,,,Northern & Central Luzon,,
#A7EA52,,Dir. Jaime L. Narvaez,780002,Chairman,,./data/logo.png,100078,,,Northern & Central Luzon,,
#A7EA52,Bulacan@redcross.org.ph,Bulacan,100079,Chapter,,./data/logo.png,100070,,,Northern & Central Luzon,,
#A7EA52,,Ms. Norwina D. Eclarinal,790001,Administrator,,./data/logo.png,100079,,,Northern & Central Luzon,,
#A7EA52,,Dir. Rosalie V. Lava,790002,Chairman,,./data/logo.png,100079,,,Northern & Central Luzon,,
#A7EA52,Cagayan@redcross.org.ph,Cagayan,100080,Chapter,,./data/logo.png,100070,,,Northern & Central Luzon,,
#A7EA52,,Ms. Aileen A. Torres,800001,Administrator,,./data/logo.png,100080,,,Northern & Central Luzon,,
#A7EA52,,Cong. Randolph S. Ting,800002,Chairman,,./data/logo.png,100080,,,Northern & Central Luzon,,
#A7EA52,Ifugao@redcross.org.ph,Ifugao,100081,Sub - Chapter,,./data/logo.png,100088,,,Northern & Central Luzon,,
#A7EA52,,Mr. Randy G. Blanco,810001,Administrator,,./data/logo.png,100081,,,Northern & Central Luzon,,
#A7EA52,,Engr. Carmelita B. Buyuccan,810002,Chairman,,./data/logo.png,100081,,,Northern & Central Luzon,,
#A7EA52,Ilocos.norte@redcross.org.ph,Ilocos Norte - Laoag City,100082,Chapter,,./data/logo.png,100070,,,Northern & Central Luzon,,
#A7EA52,,Mrs. Edna L. Orcino,820001,Administrator,,./data/logo.png,100082,,,Northern & Central Luzon,,
#A7EA52,,Dir. Maria C. Ang,820002,Chairman,,./data/logo.png,100082,,,Northern & Central Luzon,,
#A7EA52,Isabela@redcross.org.ph,Isabela,100083,Chapter,,./data/logo.png,100070,,,Northern & Central Luzon,,
#A7EA52,,Mrs. Antonita M. Asis,830001,Administrator,,./data/logo.png,100083,,,Northern & Central Luzon,,
#A7EA52,,Dir. Corazon T. Barrientos,830002,Chairman,,./data/logo.png,100083,,,Northern & Central Luzon,,
#A7EA52,Kalinga@redcross.org.ph,Kalinga,100084,Chapter,,./data/logo.png,100070,,,Northern & Central Luzon,,
#A7EA52,,Ms. Glorina B. Diaz,840001,Administrator,,./data/logo.png,100084,,,Northern & Central Luzon,,
#A7EA52,,Dir. Macario Duguiang,840002,Chairman,,./data/logo.png,100084,,,Northern & Central Luzon,,
#A7EA52,Launion@redcross.org.ph,La Union - San Fernando City,100085,Chapter,,./data/logo.png,100070,,,Northern & Central Luzon,,
#A7EA52,,Mrs. Almira V. Abrazado,850001,Administrator,,./data/logo.png,100085,,,Northern & Central Luzon,,
#A7EA52,,Dir. Jonathan Justo A. Orros,850002,Chairman,,./data/logo.png,100085,,,Northern & Central Luzon,,
#A7EA52,Mtprovince@redcross.org.ph,Mt. Province,100086,Sub - Chapter,,./data/logo.png,100076,,,Northern & Central Luzon,,
#A7EA52,,Mr. Oscar G. Paris,860001,Administrator,,./data/logo.png,100086,,,Northern & Central Luzon,,
#A7EA52,,Hon. Leonard G. Mayaen,860002,Chairman,,./data/logo.png,100086,,,Northern & Central Luzon,,
#A7EA52,Nueva.ecija@redcross.org.ph,Nueva Ecija,100087,Chapter,,./data/logo.png,100070,,,Northern & Central Luzon,,
#A7EA52,,Mrs. Elena M. Ladignon,870001,Administrator,,./data/logo.png,100087,,,Northern & Central Luzon,,
#A7EA52,,"Dir. Tomas N. Joson, Iii",870002,Chairman,,./data/logo.png,100087,,,Northern & Central Luzon,,
#A7EA52,Nueva.vizcaya@redcross.org.ph,Nueva Vizcaya,100088,Chapter,,./data/logo.png,100070,,,Northern & Central Luzon,,
#A7EA52,,Ms. Margarita E. Dumlao,880001,Administrator,,./data/logo.png,100088,,,Northern & Central Luzon,,
#A7EA52,,Dir. Santiago O. Dickson,880002,Chairman,,./data/logo.png,100088,,,Northern & Central Luzon,,
#A7EA52,Olongapo@redcross.org.ph,Olongapo City,100089,Chapter,,./data/logo.png,100070,,,Northern & Central Luzon,,
#A7EA52,,"Mr.eduardo C. Buena, Jr.",890001,Administrator,,./data/logo.png,100089,,,Northern & Central Luzon,,
#A7EA52,,"City Mayor James J. Gordon, Jr.",890002,Chairman,,./data/logo.png,100089,,,Northern & Central Luzon,,
#A7EA52,Pampanga@redcross.org.ph,Pampanga - Angeles City,100090,Chapter,,./data/logo.png,100070,,,Northern & Central Luzon,,
#A7EA52,,Mr. Augusto B. Ocampo,900001,Administrator,,./data/logo.png,100090,,,Northern & Central Luzon,,
#A7EA52,,Dir. Alfredo P. De Leon,900002,Chairman,,./data/logo.png,100090,,,Northern & Central Luzon,,
#A7EA52,Pangasinan@redcross.org.ph,Pangasinan - Dagupan City - San Carlos City,100091,Chapter,,./data/logo.png,100070,,,Northern & Central Luzon,,
#A7EA52,,Mrs. Florame S. Magalong,910001,Administrator,,./data/logo.png,100091,,,Northern & Central Luzon,,
#A7EA52,,"Dir. Vivencio V. Villaflor, Jr. M.",910002,Chairman,,./data/logo.png,100091,,,Northern & Central Luzon,,
#A7EA52,Quirino@redcross.org.ph,Quirino,100092,Chapter,,./data/logo.png,100070,,,Northern & Central Luzon,,
#A7EA52,,Mrs. Jesusa N. Leal,920001,Administrator,,./data/logo.png,100092,,,Northern & Central Luzon,,
#A7EA52,,Gov. Junie E. Cua,920002,Chairman,,./data/logo.png,100092,,,Northern & Central Luzon,,
#A7EA52,Santiagocity@redcross.org.ph,Santiago City,100093,Sub - Chapter,,./data/logo.png,100092,,,Northern & Central Luzon,,
#A7EA52,,Mrs.  Estela C. Vergara,930001,Administrator,,./data/logo.png,100093,,,Northern & Central Luzon,,
#A7EA52,,City Mayor Amelita S. Navarro,930002,Chairman,,./data/logo.png,100093,,,Northern & Central Luzon,,
#A7EA52,Tarlac@redcross.org.ph,Tarlac,100094,Chapter,,./data/logo.png,100070,,,Northern & Central Luzon,,
#A7EA52,,"Mr. Luciano L. Paras, Jr.",940001,Administrator,,./data/logo.png,100094,,,Northern & Central Luzon,,
#A7EA52,,Dir. Jesus Cano Chua,940002,Chairman,,./data/logo.png,100094,,,Northern & Central Luzon,,
#A7EA52,Zambales@redcross.org.ph,Zambales,100095,Chapter,,./data/logo.png,100070,,,Northern & Central Luzon,,
#A7EA52,,Ms. Maria Elizabeth J. Ednave,950001,Administrator,,./data/logo.png,100095,,,Northern & Central Luzon,,
#A7EA52,,Norma M. Abad,950002,Chairman,,./data/logo.png,100095,,,Northern & Central Luzon,,
#A7EA52,,Southern Luzon,100100,Region,,./data/logo.png,10000,,,Southern Luzon,,
#A7EA52,Batangas@redcross.org.ph,Batangas,100101,Chapter,,./data/logo.png,100100,,,Southern Luzon,,
#A7EA52,,Mr. Ronald G. Generoso,1010001,Administrator,,./data/logo.png,100101,,,Southern Luzon,,
#A7EA52,,Atty.vicente A. Mayo,1010002,Chairman,,./data/logo.png,100101,,,Southern Luzon,,
#A7EA52,Cavite@redcross.org.ph,Cavite,100102,Chapter,,./data/logo.png,100100,,,Southern Luzon,,
#A7EA52,,Mrs. Ma. Luz L.asencio,1020001,Administrator,,./data/logo.png,100102,,,Southern Luzon,,
#A7EA52,,Dir. Cresenciana R. Fancuvilla,1020002,Chairman,,./data/logo.png,100102,,,Southern Luzon,,
#A7EA52,Laguna@redcross.org.ph,Laguna,100103,Chapter,,./data/logo.png,100100,,,Southern Luzon,,
#A7EA52,,Mrs. Rudelly C. Cabutin,1030001,Administrator,,./data/logo.png,100103,,,Southern Luzon,,
#A7EA52,,Dir. Jaime Bautista Ching,1030002,Chairman,,./data/logo.png,100103,,,Southern Luzon,,
#A7EA52,Marinduque@redcross.org.ph,Marinduque,100104,Chapter,,./data/logo.png,100100,,,Southern Luzon,,
#A7EA52,,Mr. Jommel M. Merano,1040001,Administrator,,./data/logo.png,100104,,,Southern Luzon,,
#A7EA52,,Dir. Romulo H. Malvar,1040002,Chairman,,./data/logo.png,100104,,,Southern Luzon,,
#A7EA52,Mindoro.oriental@redcross.org.ph,Mindoro Oriental,100105,Chapter,,./data/logo.png,100100,,,Southern Luzon,,
#A7EA52,,Ms. Guada Fe S. De Leon,1050001,Administrator,,./data/logo.png,100105,,,Southern Luzon,,
#A7EA52,,Atty. Luningningy. Centron,1050002,Chairman,,./data/logo.png,100105,,,Southern Luzon,,
#A7EA52,Mindoro.occidental@redcross.org.ph,Occidental Mindoro,100106,Sub - Chapter,,./data/logo.png,100100,,,Southern Luzon,,
#A7EA52,,Mr. Minandro C. Ebora,1060001,Administrator,,./data/logo.png,100106,,,Southern Luzon,,
#A7EA52,,Hon. Josephine Ramirez-sato,1060002,Chairman,,./data/logo.png,100106,,,Southern Luzon,,
#A7EA52,Palawan@redcross.org.ph,Palawan,100107,Chapter,,./data/logo.png,100100,,,Southern Luzon,,
#A7EA52,,Miss. Arsenia P. Tabique,1070001,Administrator,,./data/logo.png,100107,,,Southern Luzon,,
#A7EA52,,Atty. Ofelia A. Sta. Maria,1070002,Chairman,,./data/logo.png,100107,,,Southern Luzon,,
#A7EA52,Quezonlucena@redcross.org.ph,Quezon - Lucena City,100108,Chapter,,./data/logo.png,100100,,,Southern Luzon,,
#A7EA52,,Mr. Jaime D. Candelaria,1080001,Administrator,,./data/logo.png,100108,,,Southern Luzon,,
#A7EA52,,Dr. Gerardo B. De Villa,1080002,Chairman,,./data/logo.png,100108,,,Southern Luzon,,
#A7EA52,Romblon@redcross.org.ph,Romblon,100109,Chapter,,./data/logo.png,100100,,,Southern Luzon,,
#A7EA52,,Ms. Mary Ann D. Magada,1090001,Administrator,,./data/logo.png,100109,,,Southern Luzon,,
#A7EA52,,Dir. Alicia C. Fetalvero,1090002,Chairman,,./data/logo.png,100109,,,Southern Luzon,,
#A7EA52,Sanpablo@redcross.org.ph,San Pablo City,100110,Chapter,,./data/logo.png,100100,,,Southern Luzon,,
#A7EA52,,Mrs. Dorie P. Cabela,1100001,Administrator,,./data/logo.png,100110,,,Southern Luzon,,
#A7EA52,,"Dr. Emmanuel D. Loyola, MD..",1100002,Chairman,,./data/logo.png,100110,,,Southern Luzon,,
#A7EA52,,Visayas Region,100200,Region,,./data/logo.png,10000,,,Visayas Region,,
#A7EA52,Northernsamar@redcross.org.ph,Northern Samar,100201,Chapter,,./data/logo.png,100200,,,Visayas Region,,
#A7EA52,,Ms. Susana T. Hernandez,2010001,Administrator,,./data/logo.png,100201,,,Visayas Region,,
#A7EA52,,Dr. Pedro D. Destura,2010002,Chairman,,./data/logo.png,100201,,,Visayas Region,,
#A7EA52,Aklan@redcross.org.ph,Aklan,100202,Chapter,,./data/logo.png,100200,,,Visayas Region,,
#A7EA52,,Mrs. Arcely P. Pelayo,2020001,Administrator,,./data/logo.png,100202,,,Visayas Region,,
#A7EA52,,Atty. Ronquillo C. Tolentino,2020002,Chairman,,./data/logo.png,100202,,,Visayas Region,,
#A7EA52,Antique@redcross.org.ph,Antique,100203,Chapter,,./data/logo.png,100200,,,Visayas Region,,
#A7EA52,,Mrs. Ester L. Buenaventura,2030001,Administrator,,./data/logo.png,100203,,,Visayas Region,,
#A7EA52,,Judge Nery  Duremdes,2030002,Chairman,,./data/logo.png,100203,,,Visayas Region,,
#A7EA52,Bohol@redcross.org.ph,Bohol,100204,Chapter,,./data/logo.png,100200,,,Visayas Region,,
#A7EA52,,Mrs. Nenita B. Briones,2040001,Administrator,,./data/logo.png,100204,,,Visayas Region,,
#A7EA52,,Provl. Gov. Edgar M. Chatto,2040002,Chairman,,./data/logo.png,100204,,,Visayas Region,,
#A7EA52,Boracay@redcross.org.ph,Boracay,100205,Chapter,,./data/logo.png,100200,,,Visayas Region,,
#A7EA52,,Mr. Marlo D. Schoenenberger,2050001,Administrator,,./data/logo.png,100205,,,Visayas Region,,
#A7EA52,,Nieva B. Mendoza,2050002,Chairman,,./data/logo.png,100205,,,Visayas Region,,
#A7EA52,Capiz@redcross.org.ph,Capiz,100206,Chapter,,./data/logo.png,100200,,,Visayas Region,,
#A7EA52,,Mrs. Nelia B. Cartujano,2060001,Administrator,,./data/logo.png,100206,,,Visayas Region,,
#A7EA52,,"Charlie T. Robles, MD..",2060002,Chairman,,./data/logo.png,100206,,,Visayas Region,,
#A7EA52,Cebu@redcross.org.ph,Cebu,100207,Chapter,,./data/logo.png,100200,,,Visayas Region,,
#A7EA52,,Mrs. Norma C. Tancinco,2070001,Administrator,,./data/logo.png,100207,,,Visayas Region,,
#A7EA52,,Dir. Allan Nicolas C. Ouano,2070002,Chairman,,./data/logo.png,100207,,,Visayas Region,,
#A7EA52,Easternsamar@redcross.org.ph,Eastern Samar,100208,Chapter,,./data/logo.png,100200,,,Visayas Region,,
#A7EA52,,Mrs. Josefa C. Tentativa,2080001,Administrator,,./data/logo.png,100208,,,Visayas Region,,
#A7EA52,,Dir. Jesse C. Solidon,2080002,Chairman,,./data/logo.png,100208,,,Visayas Region,,
#A7EA52,Guimaras@redcross.org.ph,Guimaras,100209,Chapter,,./data/logo.png,100200,,,Visayas Region,,
#A7EA52,,Mrs. Maricel M. Linga,2090001,Administrator,,./data/logo.png,100209,,,Visayas Region,,
#A7EA52,,Dir. Ruben B. Corpuz,2090002,Chairman,,./data/logo.png,100209,,,Visayas Region,,
#A7EA52,Hilongos@redcross.org.ph,Hilongos,100210,Sub - Chapter,,./data/logo.png,100213,,,Visayas Region,,
#A7EA52,,Mrs.everlisa N. Alotaya,2100001,Administrator,,./data/logo.png,100210,,,Visayas Region,,
#A7EA52,,Hon. Jose Emery Fulache Roble,2100002,Chairman,,./data/logo.png,100210,,,Visayas Region,,
#A7EA52,Iloilo@redcross.org.ph,Iloilo,100211,Chapter,,./data/logo.png,100200,,,Visayas Region,,
#A7EA52,,Mr. Gilbert Paul L. Valderrama,2110001,Administrator,,./data/logo.png,100211,,,Visayas Region,,
#A7EA52,,Dir. Ramon C. Locsin,2110002,Chairman,,./data/logo.png,100211,,,Visayas Region,,
#A7EA52,Lapulapu@redcross.org.ph,Lapu - Lapu / Cordova,100212,Chapter,,./data/logo.png,100200,,,Visayas Region,,
#A7EA52,,Mr. Vic Jay  C. Gonzal,2120001,Administrator,,./data/logo.png,100212,,,Visayas Region,,
#A7EA52,,Dir. Samuel B. Lim,2120002,Chairman,,./data/logo.png,100212,,,Visayas Region,,
#A7EA52,Leyte@redcross.org.ph,Leyte,100213,Chapter,,./data/logo.png,100200,,,Visayas Region,,
#A7EA52,,Ms. Jennifer S. Chico,2130001,Administrator,,./data/logo.png,100213,,,Visayas Region,,
#A7EA52,,Dir.  Miguel T. Tezon,2130002,Chairman,,./data/logo.png,100213,,,Visayas Region,,
#A7EA52,Negros.occidental@redcross.org.ph,Negros Occidental - Bacolod City,100214,Chapter,,./data/logo.png,100200,,,Visayas Region,,
#A7EA52,,Mr. Raul S. Garganera,2140001,Administrator,,./data/logo.png,100214,,,Visayas Region,,
#A7EA52,,Judge Demosthenes L. Magallanes,2140002,Chairman,,./data/logo.png,100214,,,Visayas Region,,
#A7EA52,Negros.oriental@redcross.org.ph,Negros Oriental,100215,Chapter,,./data/logo.png,100200,,,Visayas Region,,
#A7EA52,,Mrs. Louella N. Bael,2150001,Administrator,,./data/logo.png,100215,,,Visayas Region,,
#A7EA52,,Dr. Henry A. Sojor,2150002,Chairman,,./data/logo.png,100215,,,Visayas Region,,
#A7EA52,Ormoc.@redcross.org.ph,Ormoc City,100216,Chapter,,./data/logo.png,100200,,,Visayas Region,,
#A7EA52,,Mrs. Ruby L. Gernale,2160001,Administrator,,./data/logo.png,100216,,,Visayas Region,,
#A7EA52,,Dir. Climaco V. Evangelista,2160002,Chairman,,./data/logo.png,100216,,,Visayas Region,,
#A7EA52,Siquijor@redcross.org.ph,Siquijor,100217,Sub - Chapter,,./data/logo.png,100215,,,Visayas Region,,
#A7EA52,,Ms. Rowena L. Maputi,2170001,Administrator,,./data/logo.png,100217,,,Visayas Region,,
#A7EA52,,Dir. Arturo P. Pacatang,2170002,Chairman,,./data/logo.png,100217,,,Visayas Region,,
#A7EA52,Southernleyte@redcross.org.ph,Southern Leyte,100218,Chapter,,./data/logo.png,100200,,,Visayas Region,,
#A7EA52,,Mr. Noli  G. Casas,2180001,Administrator,,./data/logo.png,100218,,,Visayas Region,,
#A7EA52,,Gov. Damian G. Mercado,2180002,Chairman,,./data/logo.png,100218,,,Visayas Region,,
#A7EA52,Westernsamar@redcross.org.ph,Western Samar,100219,Chapter,,./data/logo.png,100200,,,Visayas Region,,
#A7EA52,,Mr. Priam C. Arteche,2190001,Administrator,,./data/logo.png,100219,,,Visayas Region,,
#A7EA52,,Dir Edgardo M. Guya,2190002,Chairman,,./data/logo.png,100219,,,Visayas Region,,
